Pred. Values,Actual Values
16.08,11
15.35,11
12.9,7
31.34,26
23.07,21
21.17,24
37.06,41
39.89,47
26.18,25
31.64,37
29.66,25
42.07,44
33.23,29
31.43,27
38.04,29
35.97,22
27.41,27
35.84,39
35.71,29
13.94,7
31.49,24
32.76,33
14.38,9
30.41,24
36.42,48
17.94,38
35.03,32
35.2,30
34.56,44
18.22,13
29.37,26
31.76,27
11.44,15
22.65,35
27.46,22
35.34,29
18.49,14
16.48,14
36.04,45
17.6,23
29.77,31
23.02,28
30.59,24
35.03,39
21.58,27
11.87,20
14.0,15
18.44,11
31.24,35
34.27,33
32.49,35
35.49,27
16.86,10
14.62,12
35.9,30
13.83,11
35.02,35
34.56,28
15.64,21
31.47,40
11.67,15
33.73,34
14.92,9
31.99,39
15.85,13
39.03,35
26.1,33
30.61,41
28.14,30
27.57,25
31.74,38
15.32,17
33.87,21
14.68,12
33.11,40
51.71,69
17.5,14
15.65,20
18.09,14
42.75,46
14.65,18
34.45,42
39.09,24
26.38,26
14.87,9
34.75,27
21.2,19
20.8,26
35.99,27
30.85,27
32.7,33
39.37,39
44.6,31
39.39,49
13.99,19
31.33,29
35.18,31
39.19,35
36.99,29
46.48,34
30.99,26
27.33,19
34.47,29
34.21,38
37.88,36
34.83,55
32.85,36
11.03,13
37.23,38
16.68,17
30.92,49
37.56,43
11.93,8
35.85,34
34.84,28
34.79,27
17.88,17
18.72,8
36.68,34
13.94,6
15.59,15
12.12,11
17.1,16
14.0,14
29.04,29
35.33,25
44.03,35
15.23,5
36.42,41
53.61,61
38.61,50
23.31,19
19.26,17
34.55,21
37.64,50
37.02,33
33.11,27
14.3,8
22.74,21
15.78,13
32.91,31
32.28,38
33.32,26
17.2,19
12.91,9
33.28,44
27.95,20
12.73,10
19.3,19
34.93,47
30.35,41
15.39,13
34.67,27
15.67,11
36.09,32
28.45,29
16.12,16
14.76,12
32.01,40
32.75,29
34.39,28
40.8,41
28.85,30
12.96,10
33.03,26
39.37,37
35.12,28
41.05,40
17.03,18
35.07,30
37.37,41
37.62,32
34.65,25
32.65,39
14.17,22
34.43,34
18.33,21
21.72,15
34.3,24
35.5,37
32.65,30
37.94,35
34.95,37
42.13,37
31.93,19
14.96,19
38.56,32
36.33,48
40.65,50
23.62,18
35.54,37
37.73,35
39.76,31
32.94,43
14.55,11
39.97,50
22.03,20
32.75,25
30.16,25
42.08,27
38.23,35
35.19,34
35.95,32
15.84,15
33.45,29
30.24,23
35.59,30
36.18,46
35.35,27
40.07,40
35.1,40
32.44,35
40.55,40
15.1,15
29.93,47
27.88,33
15.12,14
23.12,11
32.98,40
40.29,39
15.55,15
34.06,40
28.46,26
37.08,44
31.69,39
26.71,24
31.37,30
32.17,33
22.22,18
14.12,6
21.76,29
32.77,32
16.87,15
43.63,50
31.93,27
33.47,35
39.64,43
31.22,25
33.52,32
34.25,32
33.63,27
16.6,9
38.12,35
36.35,44
33.53,31
24.24,31
15.38,19
31.67,34
31.72,47
13.29,7
32.12,34
25.42,25
15.08,12
11.36,14
28.86,23
35.17,33
17.97,12
42.11,54
30.72,30
34.25,24
32.15,23
30.19,28
27.95,25
24.01,28
33.33,22
17.57,13
32.43,33
12.51,13
14.18,18
11.22,14
19.68,20
38.38,43
26.49,51
30.84,25
32.74,28
21.58,17
26.41,24
33.03,31
10.9,16
13.34,12
32.96,29
34.09,26
35.4,33
33.88,34
31.02,31
53.67,60
36.76,21
36.67,36
23.38,33
31.78,27
27.48,33
16.79,12
34.26,21
30.81,31
42.63,46
35.98,37
15.73,17
34.63,30
12.24,13
33.5,32
34.77,36
31.97,26
30.15,37
33.7,27
29.29,25
31.72,24
15.15,17
14.2,15
31.45,30
29.31,39
33.12,17
36.62,29
25.3,30
25.98,28
28.62,22
19.43,23
32.91,29
34.15,42
26.84,26
41.58,40
11.29,13
43.86,39
36.45,40
37.45,29
12.67,7
27.78,34
38.37,42
17.4,21
24.01,34
32.37,32
32.63,28
30.85,42
23.78,47
15.74,11
36.69,34
40.61,38
39.06,43
24.41,25
28.82,19
36.44,46
13.04,9
14.98,8
27.4,33
38.74,43
31.62,42
12.72,4
36.73,31
32.49,40
16.5,16
41.15,43
36.56,33
35.1,46
13.6,11
21.79,20
35.5,49
31.97,34
37.52,32
39.24,49
14.04,10
32.75,34
31.7,26
25.28,29
12.03,13
28.4,33
14.52,20
45.14,46
48.85,52
40.31,41
39.53,30
31.46,40
33.51,41
34.07,28
29.84,28
38.08,46
35.58,34
34.93,34
18.24,22
31.68,28
13.78,8
30.43,35
11.93,19
12.67,10
14.4,10
33.66,35
34.16,29
18.53,20
21.59,14
32.23,35
19.19,25
35.08,22
28.9,31
19.92,24
13.0,9
29.77,23
29.55,32
33.32,36
32.01,31
26.75,31
30.83,29
28.79,23
33.22,24
31.84,28
33.9,30
22.61,20
29.53,21
34.81,34
16.59,25
38.72,39
36.07,23
31.28,31
37.23,40
18.72,17
31.3,32
32.74,34
34.65,36
31.51,20
24.51,31
15.47,12
13.41,16
34.64,36
30.48,33
31.91,33
32.74,31
37.3,36
39.08,62
28.58,34
36.8,28
13.63,11
41.89,25
13.1,10
29.08,32
18.56,17
37.92,36
36.56,26
33.96,33
37.58,37
24.85,32
33.51,35
35.9,31
31.55,41
24.81,31
40.29,36
35.88,47
30.05,26
12.41,12
34.26,37
40.6,28
35.86,31
27.91,33
18.7,42
36.31,32
24.77,27
31.78,30
33.13,38
12.69,13
38.76,38
31.97,28
23.43,26
30.32,27
33.57,34
36.6,49
24.75,27
25.86,25
30.13,24
33.54,32
32.75,27
11.76,8
32.54,24
33.03,34
28.6,36
35.27,37
11.84,12
36.8,43
27.73,31
13.11,8
33.77,41
35.41,25
36.11,33
39.46,28
48.77,69
28.45,25
36.81,34
36.22,28
15.4,11
35.4,36
22.1,14
33.73,28
26.37,36
36.21,37
39.25,33
14.4,20
14.48,13
34.02,19
35.17,29
16.77,27
38.09,30
36.63,21
20.04,19
25.75,27
34.39,39
33.86,33
12.5,16
32.5,38
19.54,19
33.63,24
33.06,34
39.95,48
46.52,52
12.67,7
33.18,28
11.66,9
23.83,30
32.2,31
42.52,55
35.83,31
35.36,28
27.27,27
30.25,31
28.48,27
33.97,21
13.54,5
20.43,29
34.56,31
34.54,32
37.06,43
34.13,28
12.62,10
22.7,30
33.24,31
11.12,6
39.17,42
31.19,41
24.28,22
21.67,28
29.7,32
38.72,44
37.25,43
21.08,19
38.18,52
25.14,27
41.23,52
19.15,19
29.45,29
16.38,17
33.98,32
30.82,23
14.78,10
29.84,24
20.98,16
17.06,26
38.38,41
32.74,31
32.11,27
28.6,30
32.19,35
18.29,17
20.97,30
35.27,36
13.86,19
36.95,45
29.09,33
29.67,22
40.85,57
17.97,14
35.37,27
35.53,25
32.61,39
44.06,62
12.63,11
23.14,24
30.04,28
16.95,25
15.14,11
20.65,29
27.74,25
13.46,16
32.72,36
34.27,31
23.62,28
19.73,14
33.64,35
35.46,32
29.66,28
37.11,36
33.74,22
19.31,23
31.42,35
30.99,22
40.53,35
35.03,24
29.24,29
41.81,32
35.62,26
23.08,17
41.28,43
21.5,24
28.67,25
12.59,15
32.22,16
23.87,29
42.45,29
31.84,23
28.46,27
35.15,35
35.39,34
30.34,30
32.79,30
37.54,23
12.28,12
45.7,41
33.0,30
34.03,31
32.44,37
35.39,34
30.1,38
11.76,11
29.6,45
46.94,39
35.3,26
35.72,49
19.89,8
15.22,19
16.11,22
18.89,17
30.9,33
32.2,26
31.95,28
24.55,23
33.49,29
27.45,30
39.06,44
16.4,15
35.67,33
33.83,36
37.34,41
13.25,10
33.16,36
31.12,16
30.2,23
29.27,36
25.74,33
35.71,31
16.05,16
15.39,8
33.95,37
12.8,15
36.56,39
38.61,29
45.46,49
11.84,19
21.13,25
35.54,42
52.21,45
38.23,51
34.59,28
47.28,37
46.0,50
31.67,31
34.42,23
33.67,40
40.53,41
13.75,11
12.25,12
23.3,32
13.95,13
12.71,12
21.14,18
29.45,32
28.95,31
20.83,17
38.46,42
40.17,39
14.95,14
27.86,30
30.66,27
37.02,36
30.88,31
31.95,38
46.2,63
30.99,27
34.01,40
29.72,26
26.42,21
18.93,22
35.49,33
20.33,32
21.68,28
26.64,23
35.09,32
32.58,32
34.98,45
19.81,17
33.05,22
14.33,17
43.01,43
16.85,17
24.16,28
33.61,15
18.56,23
22.24,17
21.18,18
27.99,27
12.33,13
20.19,12
25.59,20
40.63,40
35.04,42
31.71,22
20.43,23
30.25,32
32.44,48
15.18,20
15.53,13
29.83,36
36.55,31
33.74,33
34.73,45
29.98,34
11.75,6
27.28,24
31.73,40
34.06,37
30.77,42
34.98,37
24.1,29
38.86,30
29.83,22
20.81,11
27.48,24
14.3,21
33.13,32
31.35,31
29.21,35
36.1,38
36.29,50
36.75,53
14.04,13
30.31,40
36.09,31
31.42,18
28.9,38
24.41,22
38.25,25
19.58,19
23.89,23
27.93,35
12.58,11
39.57,43
12.37,7
36.07,31
33.26,26
40.1,38
32.92,41
50.58,48
33.18,30
15.73,23
33.24,37
27.77,23
32.79,40
22.4,27
12.97,19
30.85,20
12.42,15
32.63,38
33.29,31
32.02,40
18.14,13
37.98,36
28.82,24
13.48,18
34.92,26
38.01,37
29.79,31
27.43,30
36.5,40
15.92,20
13.83,13
12.82,9
15.27,12
27.92,36
34.92,30
38.73,41
27.86,29
30.9,33
32.35,27
13.18,12
33.84,21
12.68,4
34.77,23
46.71,53
34.92,38
28.61,38
17.18,34
33.41,24
29.88,22
36.49,34
15.14,9
54.13,46
36.44,30
28.79,36
40.03,37
39.51,35
37.56,44
18.34,17
27.92,33
29.2,34
37.28,36
37.47,63
35.56,30
35.08,34
14.45,9
32.08,41
27.41,29
28.65,27
42.97,25
26.43,26
38.35,37
43.47,70
35.81,38
14.45,11
22.35,23
15.2,13
21.83,11
35.19,25
9.1,17
33.89,35
26.81,19
13.54,11
24.5,28
34.67,27
35.8,38
38.19,35
32.43,32
33.09,32
32.53,33
30.53,31
9.33,10
29.1,24
36.43,37
33.49,35
16.05,7
39.92,34
37.53,32
41.27,45
37.95,38
27.77,29
35.08,25
35.68,36
22.22,13
13.74,5
32.1,26
41.21,43
33.57,36
32.41,26
37.02,28
30.11,22
48.42,53
12.28,11
39.36,43
35.98,35
32.96,32
18.22,19
35.34,25
34.32,46
29.7,28
28.93,28
25.17,34
34.14,35
34.8,27
19.91,16
32.15,34
16.38,14
33.9,28
33.76,34
32.06,43
12.04,14
21.95,19
15.71,15
34.81,29
55.41,62
31.55,34
41.3,40
30.36,14
12.94,10
39.2,33
34.29,21
37.58,41
31.25,24
32.84,46
17.36,18
13.81,13
30.3,48
26.76,23
13.7,11
23.71,17
31.42,22
19.72,18
23.54,32
33.73,31
30.99,37
12.6,14
43.74,54
46.99,54
35.09,38
28.48,30
13.39,13
14.69,9
34.44,39
29.79,38
19.19,17
20.27,22
20.86,32
32.06,41
13.85,13
34.17,34
15.18,14
39.74,37
13.45,8
30.39,22
25.39,33
35.02,40
20.69,20
22.53,11
33.37,34
28.73,25
32.77,28
34.89,32
30.14,42
27.54,31
32.26,21
26.16,24
32.18,30
20.66,28
43.54,41
32.19,31
30.27,32
23.82,30
11.82,11
38.04,28
17.06,14
16.1,8
36.49,40
31.22,33
36.05,29
33.73,41
38.11,40
36.29,35
46.49,33
15.14,17
31.48,39
14.48,16
28.11,25
29.66,29
29.62,25
33.53,19
40.07,42
35.83,37
21.1,22
42.41,37
41.98,37
18.54,19
25.23,24
28.12,30
14.22,18
32.85,39
31.99,28
36.47,34
18.86,22
34.47,37
22.27,27
13.66,14
29.32,32
28.93,32
31.8,26
26.58,15
34.98,46
34.44,40
33.3,28
27.3,25
32.88,39
17.52,13
50.92,62
34.52,43
35.24,35
29.25,24
36.67,39
36.06,39
14.38,10
10.04,12
34.25,34
19.27,22
34.18,38
18.07,16
32.8,36
33.59,36
17.81,14
36.7,31
28.2,30
13.92,11
30.99,30
30.91,27
12.28,9
30.37,29
30.32,30
22.94,28
29.53,38
35.07,26
15.15,9
31.94,27
22.95,18
12.91,9
34.57,31
33.71,32
34.9,32
14.87,6
40.08,33
35.47,29
34.47,29
12.43,9
12.32,12
10.06,16
29.06,29
31.41,42
41.11,45
13.86,7
31.97,34
11.87,6
34.4,25
37.88,37
17.35,16
36.0,43
14.57,19
26.52,43
37.1,46
12.44,8
20.83,20
33.02,41
36.96,37
37.89,38
12.78,12
38.06,33
30.97,27
34.31,33
11.26,8
21.17,14
12.5,10
30.88,38
17.19,14
30.47,27
13.93,7
33.0,37
25.53,33
41.82,35
20.82,18
29.47,27
28.69,22
34.13,39
29.49,24
36.15,37
17.84,24
14.02,7
40.81,43
35.04,37
27.8,29
38.39,35
14.86,19
17.69,4
34.32,35
36.01,26
12.62,16
36.05,35
33.31,35
29.71,22
20.72,25
14.22,13
30.82,28
32.96,25
24.03,21
13.5,15
18.77,25
25.31,30
16.08,14
30.22,27
33.46,39
25.42,24
31.45,40
20.24,22
