Pred. Values,New Pred. Values,Actual Values
14.59,14.25,11
15.35,15.14,11
13.89,13.55,7
32.17,28.83,26
19.84,18.53,21
21.0,21.97,24
35.94,36.64,41
42.15,41.55,47
29.7,30.96,25
30.52,32.08,37
30.66,31.62,25
40.88,42.28,44
38.72,36.74,29
29.85,30.87,27
36.0,34.45,29
35.29,36.21,22
31.63,31.2,27
37.41,37.63,39
31.83,31.98,29
12.84,12.8,7
29.27,29.22,24
32.64,32.68,33
12.48,12.41,9
30.34,29.48,24
35.21,36.53,48
23.03,23.09,38
33.81,34.01,32
32.01,32.69,30
35.2,35.42,44
22.49,22.45,13
31.76,30.89,26
32.37,32.39,27
12.27,11.91,15
25.98,26.81,35
24.6,25.65,22
33.45,34.26,29
14.19,15.19,14
17.37,17.06,14
35.36,34.93,45
20.48,22.17,23
32.16,32.33,31
23.56,23.15,28
31.49,30.86,24
34.26,34.85,39
20.72,20.54,27
13.93,12.65,20
13.5,13.04,15
14.55,14.7,11
30.95,31.27,35
33.91,33.97,33
33.17,33.41,35
33.91,34.69,27
15.81,16.69,10
13.28,13.38,12
36.09,36.13,30
12.85,12.19,11
33.86,34.14,35
30.84,32.26,28
17.11,17.29,21
33.12,33.19,40
13.87,12.77,15
33.59,33.89,34
13.35,13.27,9
31.4,31.7,39
16.5,17.57,13
40.49,38.97,35
27.91,27.29,33
31.03,31.66,41
31.74,29.66,30
29.35,30.0,25
31.78,32.0,38
13.23,13.56,17
31.11,31.36,21
16.68,16.15,12
32.59,33.04,40
53.18,55.86,69
14.68,16.31,14
16.82,16.67,20
19.13,18.77,14
42.21,39.76,46
15.03,14.4,18
37.46,34.97,42
37.58,38.25,24
28.18,28.91,26
12.41,13.12,9
32.31,32.4,27
16.92,18.61,19
16.31,17.62,26
34.74,35.05,27
32.8,32.19,27
34.35,35.07,33
34.92,36.88,39
44.94,43.69,31
38.81,38.17,49
13.67,12.98,19
27.64,28.77,29
35.3,36.16,31
38.75,38.48,35
37.77,39.04,29
42.86,46.15,34
34.42,34.83,26
25.86,25.79,19
36.14,36.52,29
36.08,33.55,38
39.61,39.71,36
33.17,31.43,55
32.18,31.56,36
12.17,12.67,13
37.04,38.55,38
16.3,16.45,17
34.77,34.22,49
38.95,37.18,43
14.54,14.42,8
40.8,43.06,34
37.99,37.25,28
35.24,34.9,27
15.26,14.73,17
15.25,15.81,8
37.84,37.39,34
13.66,13.03,6
18.18,18.22,15
13.43,12.78,11
19.96,20.7,16
14.08,13.57,14
32.32,32.17,29
34.04,34.32,25
37.74,39.01,35
13.79,14.01,5
35.66,35.95,41
56.73,54.09,61
39.69,38.55,50
25.67,25.5,19
21.97,21.4,17
31.95,33.03,21
39.95,41.74,50
36.94,39.23,33
31.73,31.48,27
12.08,13.09,8
24.84,21.81,21
17.17,16.73,13
31.05,31.29,31
29.93,29.99,38
35.05,34.62,26
15.22,15.33,19
12.44,12.66,9
34.88,35.11,44
28.57,29.46,20
13.97,13.53,10
21.09,21.51,19
33.32,33.33,47
29.99,31.81,41
14.33,13.94,13
32.73,33.88,27
15.4,14.93,11
34.66,33.59,32
28.13,28.6,29
12.99,12.32,16
13.04,13.35,12
34.64,34.35,40
30.29,31.14,29
37.75,38.07,28
35.5,35.52,41
29.16,28.56,30
12.27,12.03,10
30.97,32.0,26
39.67,39.23,37
35.45,34.52,28
37.98,39.58,40
18.25,18.71,18
37.85,36.49,30
33.95,34.5,41
36.06,36.61,32
37.72,36.08,25
32.26,33.02,39
17.76,18.07,22
36.22,36.56,34
19.52,20.03,21
24.95,22.26,15
33.97,33.85,24
31.16,32.28,37
30.21,30.92,30
43.53,41.7,35
37.6,36.74,37
39.93,38.89,37
34.38,30.82,19
14.7,14.08,19
39.79,39.45,32
37.94,38.16,48
44.51,42.08,50
18.53,19.04,18
35.25,35.12,37
36.47,37.48,35
39.47,39.46,31
34.18,33.49,43
14.15,13.61,11
38.62,38.96,50
21.3,23.33,20
36.14,36.12,25
30.17,29.06,25
40.58,41.26,27
40.71,40.75,35
35.53,35.28,34
39.42,38.22,32
20.01,18.38,15
32.11,33.89,29
30.79,32.76,23
39.99,38.51,30
37.88,36.09,46
35.83,36.9,27
38.25,37.01,40
34.43,34.14,40
34.26,34.54,35
40.06,39.41,40
15.48,15.08,15
32.43,32.85,47
27.79,28.33,33
12.36,12.26,14
16.52,15.77,11
34.36,34.98,40
37.52,38.43,39
17.84,18.86,15
34.77,35.07,40
27.39,28.21,26
34.43,35.58,44
32.47,33.5,39
25.21,24.93,24
33.05,33.59,30
35.77,35.55,33
22.71,23.29,18
13.8,13.67,6
20.49,19.43,29
30.05,31.09,32
15.01,16.06,15
49.63,47.95,50
32.2,31.84,27
35.97,35.16,35
38.53,38.34,43
33.28,34.3,25
34.25,34.53,32
34.43,34.82,32
33.44,32.4,27
15.48,15.81,9
34.18,32.64,35
39.4,40.15,44
37.04,34.9,31
28.61,27.81,31
12.96,12.8,19
31.48,31.68,34
30.67,31.6,47
13.67,12.39,7
30.31,30.11,34
28.57,28.06,25
12.75,12.72,12
12.41,12.49,14
29.97,29.64,23
36.71,37.21,33
15.01,15.8,12
42.98,42.06,54
33.6,32.58,30
34.11,35.23,24
32.63,33.46,23
33.13,30.74,28
28.94,26.4,25
24.76,24.94,28
33.69,33.87,22
13.18,12.89,13
32.0,32.12,33
16.34,15.3,13
15.24,13.91,18
12.96,12.62,14
25.8,23.57,20
43.21,40.94,43
23.3,25.85,51
28.68,29.29,25
34.22,33.44,28
20.64,21.85,17
30.06,28.46,24
33.59,33.93,31
12.59,12.32,16
13.31,12.54,12
33.63,33.42,29
35.78,35.6,26
36.62,36.35,33
34.12,34.45,34
31.29,32.22,31
57.85,55.93,60
35.13,36.08,21
34.32,34.61,36
29.26,28.84,33
31.61,31.13,27
26.84,27.67,33
16.44,16.33,12
35.32,35.05,21
32.87,32.95,31
38.61,39.21,46
34.08,35.4,37
12.88,13.55,17
32.8,32.04,30
13.35,12.64,13
32.14,32.21,32
36.88,35.23,36
34.15,32.92,26
33.01,33.85,37
33.95,34.0,27
35.12,34.56,25
32.29,33.47,24
13.44,13.2,17
12.62,12.79,15
31.16,31.08,30
31.07,30.72,39
29.57,29.26,17
31.0,31.26,29
30.88,30.08,30
25.4,25.11,28
30.59,31.37,22
20.64,21.95,23
32.2,32.25,29
35.66,35.6,42
27.72,27.79,26
38.84,39.13,40
13.72,14.51,13
42.77,39.92,39
37.2,38.34,40
36.26,36.28,29
13.04,12.49,7
31.97,30.84,34
37.41,37.41,42
21.65,21.53,21
30.18,29.75,34
33.16,33.14,32
34.91,32.47,28
32.45,31.78,42
29.49,28.38,47
14.09,13.01,11
35.93,36.26,34
37.02,38.26,38
39.56,40.4,43
25.98,25.04,25
31.34,30.68,19
36.33,34.95,46
13.91,14.43,9
12.63,12.58,8
29.92,28.95,33
40.64,39.61,43
32.22,31.92,42
13.63,14.14,4
32.95,33.12,31
35.3,36.66,40
17.83,18.01,16
39.86,41.1,43
34.85,36.96,33
36.57,36.12,46
13.78,13.33,11
22.87,23.5,20
33.36,33.59,49
32.4,32.42,34
37.47,38.4,32
42.15,42.57,49
12.54,12.55,10
37.16,35.79,34
29.23,29.56,26
31.77,29.74,29
14.02,13.49,13
31.96,31.84,33
14.63,13.96,20
55.64,48.96,46
48.31,50.53,52
38.36,39.49,41
39.8,38.44,30
29.57,28.66,40
38.68,37.07,41
34.35,32.96,28
32.04,32.25,28
40.28,40.88,46
35.7,35.2,34
34.64,34.97,34
19.74,19.12,22
34.49,33.59,28
13.49,13.3,8
29.62,31.34,35
13.68,15.32,19
13.61,13.69,10
14.09,13.47,10
33.74,32.77,35
32.6,32.27,29
22.37,22.07,20
23.7,23.05,14
33.23,33.29,35
24.9,23.91,25
35.68,35.96,22
27.83,29.16,31
23.57,22.66,24
13.75,12.61,9
28.87,30.0,23
32.48,32.42,32
34.09,34.44,36
32.27,32.27,31
30.05,29.62,31
34.33,33.87,29
31.78,30.45,23
30.17,30.13,24
32.64,33.97,28
33.1,32.6,30
24.4,25.48,20
28.53,28.63,21
33.55,34.89,34
17.98,18.8,25
36.16,36.93,39
34.62,35.56,23
34.45,34.14,31
39.33,39.1,40
21.97,21.5,17
33.64,32.37,32
28.99,28.96,34
33.77,33.1,36
28.83,29.6,20
25.18,27.03,31
14.69,13.7,12
13.03,13.11,16
35.07,39.57,36
29.38,31.19,33
30.88,31.23,33
39.18,37.0,31
36.94,36.07,36
45.0,44.17,62
30.93,30.3,34
35.43,35.25,28
13.52,13.75,11
39.49,40.77,25
11.66,12.08,10
30.18,30.68,32
19.02,18.68,17
38.24,38.12,36
37.56,37.39,26
35.21,35.74,33
32.08,32.81,37
30.95,30.93,32
35.98,34.47,35
37.63,37.04,31
35.32,34.2,41
25.03,27.59,31
36.98,38.31,36
36.72,35.36,47
31.03,31.44,26
12.61,13.26,12
33.15,33.18,37
38.72,39.24,28
36.39,34.98,31
30.82,31.63,33
17.76,19.15,42
32.97,34.14,32
29.1,29.2,27
29.8,29.57,30
31.27,31.77,38
13.35,12.76,13
39.5,38.1,38
30.68,31.02,28
26.08,26.33,26
31.46,32.15,27
33.29,31.89,34
41.8,40.96,49
24.44,25.91,27
25.48,26.22,25
29.19,30.8,24
31.63,31.76,32
33.23,33.16,27
13.11,13.26,8
32.01,33.25,24
37.01,35.84,34
32.07,31.27,36
36.9,36.02,37
10.98,12.39,12
37.07,36.92,43
32.71,31.52,31
11.63,12.07,8
35.17,35.03,41
35.98,37.46,25
35.7,36.43,33
38.41,37.16,28
49.2,52.88,69
29.11,27.54,25
35.12,35.87,34
35.65,34.54,28
14.76,14.16,11
31.2,30.99,36
18.29,20.19,14
32.38,33.06,28
31.18,29.96,36
37.17,35.77,37
39.2,40.41,33
16.93,17.01,20
14.47,13.8,13
33.97,33.34,19
35.78,35.88,29
18.42,17.94,27
39.0,38.58,30
35.96,36.07,21
22.18,22.05,19
28.22,28.63,27
34.36,33.58,39
33.89,33.48,33
12.28,12.26,16
34.16,33.15,38
22.63,23.04,19
32.39,34.4,24
33.13,33.48,34
37.39,36.41,48
45.94,47.23,52
15.16,13.94,7
34.99,35.11,28
18.75,18.38,9
30.84,28.69,30
33.01,33.01,31
44.78,46.75,55
34.79,36.41,31
32.67,32.22,28
28.99,28.66,27
28.74,29.95,31
31.67,31.99,27
32.7,34.02,21
11.59,11.84,5
26.68,25.65,29
35.77,35.5,31
36.14,34.9,32
35.47,35.65,43
36.1,36.63,28
12.57,14.6,10
27.73,27.93,30
33.64,33.1,31
12.74,12.45,6
43.75,41.71,42
32.67,33.21,41
22.57,23.69,22
22.31,22.36,28
32.17,31.67,32
36.96,38.27,44
37.72,36.75,43
23.89,24.27,19
38.44,39.3,52
30.12,28.87,27
41.09,40.95,52
20.32,21.15,19
31.4,32.45,29
22.67,23.13,17
32.65,33.32,32
33.6,32.84,23
16.28,16.08,10
28.65,28.53,24
21.14,21.49,16
22.73,22.31,26
39.21,38.92,41
34.01,34.79,31
29.86,29.25,27
29.86,30.12,30
32.8,31.78,35
17.98,18.25,17
25.83,26.79,30
37.27,36.15,36
16.43,16.96,19
41.7,42.43,45
30.24,31.15,33
33.53,31.95,22
42.89,42.16,57
18.23,18.07,14
37.75,36.12,27
30.34,31.1,25
34.99,33.58,39
47.71,46.09,62
12.75,12.47,11
23.41,22.01,24
29.73,30.08,28
19.31,17.63,25
13.25,12.8,11
22.68,23.71,29
29.95,28.97,25
12.87,12.78,16
35.24,34.96,36
34.38,36.06,31
28.98,29.08,28
19.39,19.71,14
32.5,32.03,35
33.03,33.25,32
31.15,31.95,28
38.72,37.7,36
34.46,33.81,22
22.5,22.46,23
31.97,31.9,35
34.83,34.7,22
41.34,39.35,35
32.8,33.81,24
33.12,33.4,29
41.47,42.05,32
36.18,36.02,26
24.14,24.76,17
41.2,41.0,43
21.96,21.54,24
28.91,29.99,25
12.91,12.6,15
33.21,33.56,16
31.53,27.87,29
40.19,40.09,29
30.11,31.91,23
29.81,30.21,27
35.68,35.76,35
36.66,36.86,34
32.58,32.41,30
32.82,32.72,30
40.57,38.85,23
13.58,13.34,12
45.71,44.52,41
33.73,33.65,30
31.4,32.59,31
34.3,34.45,37
34.9,33.73,34
32.76,32.89,38
12.93,12.15,11
29.89,31.11,45
46.8,47.79,39
32.81,35.04,26
35.23,35.89,49
15.62,17.47,8
14.39,14.35,19
22.48,21.43,22
19.36,19.11,17
34.46,33.85,33
35.74,34.83,26
35.13,34.77,28
25.52,25.21,23
34.45,34.45,29
30.72,30.08,30
37.86,38.59,44
13.12,13.82,15
40.59,38.7,33
31.62,32.66,36
36.45,34.39,41
12.52,12.35,10
35.22,33.36,36
28.82,29.47,16
32.8,32.98,23
28.98,29.41,36
28.26,27.86,33
32.56,33.22,31
17.65,16.49,16
12.09,12.74,8
29.76,31.23,37
14.76,15.58,15
35.97,35.7,39
36.17,38.23,29
49.47,49.9,49
13.26,12.57,19
21.71,20.39,25
34.62,35.89,42
51.07,49.52,45
37.95,38.26,51
36.12,35.09,28
40.9,41.13,37
44.38,44.44,50
33.65,34.16,31
32.34,32.59,23
35.16,34.56,40
42.05,40.59,41
13.07,13.42,11
12.13,12.44,12
28.95,28.8,32
12.52,13.53,13
13.51,12.84,12
24.23,23.67,18
33.6,32.42,32
32.07,32.27,31
23.52,24.98,17
36.75,38.48,42
37.36,37.03,39
14.29,13.95,14
31.49,31.13,30
32.14,31.07,27
37.53,36.76,36
34.87,35.03,31
29.62,31.05,38
49.92,48.26,63
32.15,32.12,27
30.47,30.94,40
29.94,30.2,26
27.7,27.92,21
20.61,19.68,22
34.84,35.52,33
23.26,24.57,32
29.26,28.57,28
28.76,28.06,23
32.0,32.31,32
31.52,31.7,32
38.58,39.03,45
19.14,19.18,17
34.92,35.47,22
14.44,15.03,17
41.84,42.18,43
22.55,22.07,17
26.07,24.2,28
32.72,32.33,15
20.5,21.7,23
27.18,25.02,17
24.61,23.69,18
31.44,32.04,27
17.1,17.5,13
21.73,23.5,12
29.26,27.81,20
44.47,40.75,40
38.86,38.15,42
34.42,33.37,22
21.79,22.73,23
32.04,30.38,32
34.09,39.86,48
14.34,14.83,20
12.28,12.4,13
34.91,35.33,36
37.07,37.27,31
33.19,32.76,33
34.92,35.26,45
30.2,28.94,34
13.1,12.73,6
26.3,27.15,24
34.31,34.37,40
35.85,35.24,37
30.71,32.55,42
34.55,34.6,37
29.4,29.01,29
39.2,38.98,30
31.1,30.49,22
21.35,21.3,11
32.65,31.71,24
17.45,17.19,21
30.8,32.31,32
32.14,32.17,31
31.51,31.39,35
35.5,35.6,38
37.6,38.58,50
39.0,38.35,53
12.4,14.12,13
34.3,31.98,40
38.68,36.97,31
26.77,30.79,18
30.53,30.82,38
20.51,22.04,22
36.45,36.27,25
24.67,22.97,19
27.11,25.46,23
33.44,31.42,35
11.82,12.4,11
39.84,39.96,43
12.96,12.74,7
37.4,38.38,31
30.23,30.7,26
41.46,42.96,38
31.56,31.56,41
60.64,56.69,48
31.6,31.98,30
16.78,15.11,23
35.95,35.72,37
24.91,25.74,23
36.01,36.31,40
20.46,20.86,27
13.22,13.06,19
33.39,33.05,20
13.29,13.17,15
35.85,36.24,38
32.3,32.14,31
36.47,36.34,40
14.85,14.51,13
35.1,36.48,36
29.24,30.69,24
13.48,14.4,18
32.69,33.4,26
38.92,38.87,37
30.96,32.01,31
26.17,26.68,30
36.0,36.71,40
17.87,17.23,20
13.21,12.44,13
12.1,12.33,9
13.74,12.8,12
30.93,31.2,36
31.78,32.35,30
36.55,36.78,41
29.9,31.16,29
31.21,31.48,33
30.65,31.46,27
13.3,12.77,12
31.1,32.07,21
12.83,13.14,4
32.52,33.39,23
45.61,43.87,53
38.97,37.35,38
30.2,30.0,38
22.14,22.19,34
37.1,35.57,24
30.57,29.98,22
39.29,38.72,34
13.99,13.81,9
54.08,52.89,46
37.56,35.34,30
26.64,26.38,36
39.04,40.72,37
37.98,37.93,35
39.65,38.21,44
19.36,19.05,17
30.72,30.97,33
32.83,31.87,34
38.92,37.94,36
41.01,41.45,63
34.02,34.12,30
32.95,32.25,34
15.49,15.43,9
33.49,34.57,41
28.53,28.33,29
32.35,30.51,27
41.04,41.48,25
28.38,29.06,26
40.67,39.14,37
48.43,47.47,70
35.53,35.33,38
13.05,12.96,11
22.36,22.85,23
13.11,13.43,13
21.79,23.23,11
35.12,35.99,25
12.68,12.09,17
36.55,34.96,35
29.27,28.3,19
13.08,13.22,11
27.58,26.83,28
29.73,30.92,27
36.08,35.6,38
32.51,30.87,35
31.13,30.21,32
33.11,32.51,32
33.02,33.37,33
35.24,34.06,31
13.26,12.29,10
32.13,30.94,24
36.45,37.46,37
34.87,35.12,35
14.4,14.83,7
42.14,39.78,34
40.34,40.14,32
41.94,41.61,45
39.59,39.42,38
30.64,30.5,29
34.98,36.16,25
37.35,37.9,36
18.44,17.05,13
13.73,14.01,5
30.12,28.45,26
38.15,38.74,43
30.92,30.94,36
32.58,32.82,26
36.58,36.46,28
32.27,31.91,22
51.18,48.97,53
13.14,12.93,11
41.09,41.3,43
38.02,36.9,35
32.38,33.43,32
14.26,16.44,19
34.53,35.72,25
33.97,36.26,46
30.93,31.18,28
29.48,29.83,28
29.83,30.05,34
31.58,31.59,35
33.13,31.6,27
20.29,20.78,16
33.29,34.43,34
14.05,13.93,14
33.18,33.82,28
36.07,36.11,34
34.13,35.12,43
12.67,12.56,14
21.29,21.56,19
12.77,13.82,15
36.83,36.75,29
57.16,56.96,62
32.86,34.39,34
42.17,42.75,40
29.09,28.83,14
12.07,12.45,10
36.62,37.59,33
32.82,33.86,21
39.66,39.14,41
33.96,33.16,24
30.62,31.86,46
21.41,21.54,18
16.8,16.97,13
31.8,31.04,48
26.64,27.08,23
13.71,13.96,11
24.75,25.58,17
30.42,31.12,22
17.99,18.32,18
28.28,29.75,32
35.46,34.23,31
33.77,32.61,37
16.31,16.01,14
44.24,42.17,54
46.87,47.83,54
32.18,33.19,38
29.05,29.81,30
13.32,13.0,13
12.48,12.81,9
34.81,36.0,39
32.72,32.04,38
19.12,20.26,17
20.86,22.33,22
19.08,20.18,32
31.58,32.21,41
12.2,12.55,13
33.09,33.54,34
12.87,13.24,14
40.58,40.38,37
14.2,13.71,8
32.79,31.46,22
29.44,29.04,33
34.77,35.34,40
21.69,22.56,20
25.81,24.54,11
35.56,37.34,34
29.73,28.83,25
32.24,32.96,28
35.42,35.9,32
33.55,33.04,42
32.12,30.8,31
31.74,32.88,21
25.91,25.44,24
31.8,31.46,30
22.68,22.53,28
41.47,41.46,41
31.83,32.12,31
30.93,32.22,32
26.58,27.48,30
12.78,12.84,11
39.46,37.66,28
19.82,19.24,14
11.61,12.82,8
39.12,37.71,40
34.76,35.88,33
39.03,39.09,29
34.43,35.16,41
37.68,38.13,40
36.21,36.62,35
44.33,44.99,33
18.48,17.28,17
33.87,33.55,39
13.22,14.9,16
30.32,30.59,25
30.37,31.31,29
31.28,30.83,25
34.85,35.53,19
43.28,44.04,42
34.82,33.64,37
18.44,18.89,22
45.91,43.86,37
40.42,40.41,37
19.6,19.62,19
29.6,29.84,24
28.97,28.52,30
13.47,13.24,18
33.16,33.74,39
33.89,33.04,28
35.7,36.29,34
24.11,22.59,22
33.41,32.8,37
27.12,27.75,27
13.93,13.97,14
29.36,30.02,32
31.07,30.36,32
33.37,33.63,26
25.17,23.18,15
34.43,35.5,46
33.61,33.17,40
31.83,31.85,28
28.69,26.88,25
34.96,34.91,39
13.34,12.46,13
53.37,50.31,62
35.59,35.66,43
33.61,33.48,35
29.74,29.78,24
36.97,36.99,39
35.72,36.24,39
13.39,14.74,10
12.83,12.69,12
34.67,35.72,34
23.1,22.64,22
35.95,34.61,38
17.02,17.23,16
34.75,33.33,36
35.6,36.54,36
18.13,16.38,14
36.13,35.67,31
33.74,32.63,30
13.76,13.35,11
35.16,33.12,30
32.52,32.2,27
10.73,11.84,9
31.49,32.01,29
33.46,31.9,30
28.89,26.19,28
35.34,34.32,38
30.47,31.72,26
15.08,14.23,9
31.78,31.53,27
21.78,22.26,18
12.62,12.19,9
31.32,30.95,31
34.29,34.09,32
36.35,35.66,32
14.13,13.7,6
41.38,38.26,33
32.73,31.92,29
35.69,35.32,29
14.15,13.95,9
13.02,12.9,12
13.0,12.3,16
30.6,30.75,29
36.6,36.66,42
37.99,38.13,45
11.68,12.18,7
35.09,33.59,34
12.39,13.28,6
33.98,33.82,25
37.59,36.9,37
13.12,12.62,16
38.37,39.08,43
13.37,13.49,19
28.23,27.99,43
40.93,39.74,46
14.46,13.84,8
22.11,21.89,20
34.77,35.28,41
37.6,37.86,37
36.52,35.78,38
13.64,12.98,12
36.45,35.03,33
32.98,33.2,27
35.22,34.81,33
13.16,13.17,8
18.86,19.65,14
13.15,12.36,10
31.8,31.42,38
15.13,16.58,14
31.9,31.76,27
13.79,12.99,7
34.48,33.98,37
29.63,29.25,33
43.62,42.88,35
23.66,24.0,18
33.57,31.82,27
31.35,31.63,22
38.5,38.29,39
32.46,30.91,24
32.64,33.33,37
21.85,23.07,24
13.63,13.1,7
38.56,37.23,43
36.59,36.66,37
28.15,28.54,29
35.49,35.73,35
16.31,17.88,19
17.36,17.71,4
36.81,36.8,35
33.14,32.06,26
12.6,12.12,16
32.61,33.93,35
33.42,33.54,35
32.23,30.38,22
20.07,19.93,25
14.47,13.57,13
29.66,27.42,28
35.28,34.44,25
26.5,26.16,21
15.82,14.49,15
19.98,20.13,25
26.39,27.18,30
12.49,13.0,14
31.49,31.85,27
34.16,35.52,39
30.1,29.0,24
36.09,36.93,40
21.49,21.82,22
